"Data Source","World Development Indicators",

"Last Updated Date","2022-07-20",

"Country Name","Country Code","Indicator Name","Indicator Code","1960","1961","1962","1963","1964","1965","1966","1967","1968","1969","1970","1971","1972","1973","1974","1975","1976","1977","1978","1979","1980","1981","1982","1983","1984","1985","1986","1987","1988","1989","1990","1991","1992","1993","1994","1995","1996","1997","1998","1999","2000","2001","2002","2003","2004","2005","2006","2007","2008","2009","2010","2011","2012","2013","2014","2015","2016","2017","2018","2019","2020","2021",
"Aruba","ABW","Start-up procedures to register a business (number)","IC.REG.PROC","","","","","","","","","","","","","","","","","","","","","","","","","","","","","","","","","","","","","","","","","","","","","","","","","","","","","","","","","","","","","","",
"Africa Eastern and Southern","AFE","Start-up procedures to register a business (number)","IC.REG.PROC","","","","","","","","","","","","","","","","","","","","","","","","","","","","","","","","","","","","","","","","","","","","11.4117647058824","11.1428571428571","11.125","11","10.6666666666667","10.2916666666667","10.2083333333333","9.95833333333333","9.66666666666667","9.64","9.56","9.36","9.30769230769231","8.88461538461539","8.46153846153846","8.34615384615385","8.30769230769231","","",
"Afghanistan","AFG","Start-up procedures to register a business (number)","IC.REG.PROC","","","","","","","","","","","","","","","","","","","","","","","","","","","","","","","","","","","","","","","","","","","","","4","4","4","5","5","5","5","5","5","4","4","4","4","4","4","4","","",
"Africa Western and Central","AFW","Start-up procedures to register a business (number)","IC.REG.PROC","","","","","","","","","","","","","","","","","","","","","","","","","","","","","","","","","","","","","","","","","","","","11.5333333333333","11.5333333333333","11.9","11.5714285714286","11.3333333333333","10.5238095238095","9.52380952380952","9.38095238095238","8.52380952380952","8.19047619047619","7.90909090909091","7.68181818181818","7.68181818181818","7.36363636363636","7.04545454545455","6.77272727272727","6.63636363636364","","",
"Angola","AGO","Start-up procedures to register a business (number)","IC.REG.PROC","","","","","","","","","","","","","","","","","","","","","","","","","","","","","","","","","","","","","","","","","","","","12","12","12","12","12","8","8","8","8","8","8","8","8","7","8","8","8","","",
"Albania","ALB","Start-up procedures to register a business (number)","IC.REG.PROC","","","","","","","","","","","","","","","","","","","","","","","","","","","","","","","","","","","","","","","","","","","","12","12","12","12","11","8","6","6","6","5","5","5","5","5","5","5","5","","",
"Andorra","AND","Start-up procedures to register a business (number)","IC.REG.PROC","","","","","","","","","","","","","","","","","","","","","","","","","","","","","","","","","","","","","","","","","","","","","","","","","","","","","","","","","","","","","","",
"Arab World","ARB","Start-up procedures to register a business (number)","IC.REG.PROC","","","","","","","","","","","","","","","","","","","","","","","","","","","","","","","","","","","","","","","","","","","","12.4615384615385","11.8125","11.4444444444444","11.4444444444444","10.6","9.7","9.45","9.55","9.4","9.28571428571429","9.04761904761905","8.85714285714286","8.72727272727273","8.5","7.95454545454545","7.31818181818182","6.63636363636364","","",
"United Arab Emirates","ARE","Start-up procedures to register a business (number)","IC.REG.PROC","","","","","","","","","","","","","","","","","","","","","","","","","","","","","","","","","","","","","","","","","","","","10","10","10","10","9","9","8","8","7","6","6","6","6","4","4","2","2","","",
"Argentina","ARG","Start-up procedures to register a business (number)","IC.REG.PROC","","","","","","","","","","","","","","","","","","","","","","","","","","","","","","","","","","","","","","","","","","","","13","13","13","13","13","14","14","14","14","14","14","14","14","14","14","11","12","","",
"Armenia","ARM","Start-up procedures to register a business (number)","IC.REG.PROC","","","","","","","","","","","","","","","","","","","","","","","","","","","","","","","","","","","","","","","","","","","","10","10","10","9","9","9","6","6","4","4","4","4","4","4","4","3","3","","",
"American Samoa","ASM","Start-up procedures to register a business (number)","IC.REG.PROC","","","","","","","","","","","","","","","","","","","","","","","","","","","","","","","","","","","","","","","","","","","","","","","","","","","","","","","","","","","","","","",
"Antigua and Barbuda","ATG","Start-up procedures to register a business (number)","IC.REG.PROC","","","","","","","","","","","","","","","","","","","","","","","","","","","","","","","","","","","","","","","","","","","","","","9","9","9","9","9","9","9","9","9","9","9","9","9","9","9","","",
"Australia","AUS","Start-up procedures to register a business (number)","IC.REG.PROC","","","","","","","","","","","","","","","","","","","","","","","","","","","","","","","","","","","","","","","","","","","","3","3","3","3","3","3","3","3","3","3","3","3","3","3","3","3","3","","",
"Austria","AUT","Start-up procedures to register a business (number)","IC.REG.PROC","","","","","","","","","","","","","","","","","","","","","","","","","","","","","","","","","","","","","","","","","","","","8","8","8","8","8","8","8","8","8","8","8","8","8","8","8","8","8","","",
"Azerbaijan","AZE","Start-up procedures to register a business (number)","IC.REG.PROC","","","","","","","","","","","","","","","","","","","","","","","","","","","","","","","","","","","","","","","","","","","","14","13","13","13","12","6","6","6","6","6","3","4","3","3","3","3","3","","",
"Burundi","BDI","Start-up procedures to register a business (number)","IC.REG.PROC","","","","","","","","","","","","","","","","","","","","","","","","","","","","","","","","","","","","","","","","","","","","8","8","8","8","8","8","8","8","8","4","3","3","3","3","3","4","4","","",
"Belgium","BEL","Start-up procedures to register a business (number)","IC.REG.PROC","","","","","","","","","","","","","","","","","","","","","","","","","","","","","","","","","","","","","","","","","","","","9","6","6","6","5","5","5","5","5","5","5","5","5","5","5","5","5","","",
"Benin","BEN","Start-up procedures to register a business (number)","IC.REG.PROC","","","","","","","","","","","","","","","","","","","","","","","","","","","","","","","","","","","","","","","","","","","","11","11","11","11","11","11","11","11","10","9","8","8","8","6","6","6","6","","",
"Burkina Faso","BFA","Start-up procedures to register a business (number)","IC.REG.PROC","","","","","","","","","","","","","","","","","","","","","","","","","","","","","","","","","","","","","","","","","","","","12","12","12","8","6","5","4","4","3","3","3","3","3","3","3","3","3","","",
"Bangladesh","BGD","Start-up procedures to register a business (number)","IC.REG.PROC","","","","","","","","","","","","","","","","","","","","","","","","","","","","","","","","","","","","","","","","","","","","","","","","","","","","","","9","9","9","9","9","9","9","","",
"Bulgaria","BGR","Start-up procedures to register a business (number)","IC.REG.PROC","","","","","","","","","","","","","","","","","","","","","","","","","","","","","","","","","","","","","","","","","","","","13","13","13","11","12","7","7","7","7","7","7","7","7","7","7","7","7","","",
"Bahrain","BHR","Start-up procedures to register a business (number)","IC.REG.PROC","","","","","","","","","","","","","","","","","","","","","","","","","","","","","","","","","","","","","","","","","","","","","","","","7","7","7","7","7","7","7","7","7","6","6","6","6","","",
"Bahamas, The","BHS","Start-up procedures to register a business (number)","IC.REG.PROC","","","","","","","","","","","","","","","","","","","","","","","","","","","","","","","","","","","","","","","","","","","","","","","","7","7","7","7","7","7","7","7","8","8","7","7","7","","",
"Bosnia and Herzegovina","BIH","Start-up procedures to register a business (number)","IC.REG.PROC","","","","","","","","","","","","","","","","","","","","","","","","","","","","","","","","","","","","","","","","","","","","12","12","13","13","13","13","13","14","14","13","13","13","13","13","13","13","13","","",
"Belarus","BLR","Start-up procedures to register a business (number)","IC.REG.PROC","","","","","","","","","","","","","","","","","","","","","","","","","","","","","","","","","","","","","","","","","","","","17","17","17","17","11","9","7","7","7","7","6","6","5","5","5","4","4","","",
"Belize","BLZ","Start-up procedures to register a business (number)","IC.REG.PROC","","","","","","","","","","","","","","","","","","","","","","","","","","","","","","","","","","","","","","","","","","","","","","9","9","9","9","9","9","9","9","9","9","9","9","9","9","9","","",
"Bermuda","BMU","Start-up procedures to register a business (number)","IC.REG.PROC","","","","","","","","","","","","","","","","","","","","","","","","","","","","","","","","","","","","","","","","","","","","","","","","","","","","","","","","","","","","","","",
"Bolivia","BOL","Start-up procedures to register a business (number)","IC.REG.PROC","","","","","","","","","","","","","","","","","","","","","","","","","","","","","","","","","","","","","","","","","","","","14","14","14","14","14","14","14","14","14","14","14","14","14","14","12","12","12","","",
"Brazil","BRA","Start-up procedures to register a business (number)","IC.REG.PROC","","","","","","","","","","","","","","","","","","","","","","","","","","","","","","","","","","","","","","","","","","","","","","","","","","","","","","11","11","11","11","11","11","11","","",
"Barbados","BRB","Start-up procedures to register a business (number)","IC.REG.PROC","","","","","","","","","","","","","","","","","","","","","","","","","","","","","","","","","","","","","","","","","","","","","","","","","","","","8","8","8","7","7","7","7","7","7","","",
"Brunei Darussalam","BRN","Start-up procedures to register a business (number)","IC.REG.PROC","","","","","","","","","","","","","","","","","","","","","","","","","","","","","","","","","","","","","","","","","","","","","","","21","21","21","21","18","18","18","18","18","7","7","5","3","3","","",
"Bhutan","BTN","Start-up procedures to register a business (number)","IC.REG.PROC","","","","","","","","","","","","","","","","","","","","","","","","","","","","","","","","","","","","","","","","","","","","10","10","10","10","8","8","8","8","8","8","8","8","8","8","8","8","8","","",
"Botswana","BWA","Start-up procedures to register a business (number)","IC.REG.PROC","","","","","","","","","","","","","","","","","","","","","","","","","","","","","","","","","","","","","","","","","","","","10","10","11","11","11","10","10","10","9","9","9","9","9","9","9","9","9","","",
"Central African Republic","CAF","Start-up procedures to register a business (number)","IC.REG.PROC","","","","","","","","","","","","","","","","","","","","","","","","","","","","","","","","","","","","","","","","","","","","11","11","11","11","11","11","9","9","8","10","10","10","10","10","10","10","10","","",
"Canada","CAN","Start-up procedures to register a business (number)","IC.REG.PROC","","","","","","","","","","","","","","","","","","","","","","","","","","","","","","","","","","","","","","","","","","","","3","3","3","3","3","2","2","2","2","2","2","2","2","2","2","2","2","","",
"Central Europe and the Baltics","CEB","Start-up procedures to register a business (number)","IC.REG.PROC","","","","","","","","","","","","","","","","","","","","","","","","","","","","","","","","","","","","","","","","","","","","9.09090909090909","8.90909090909091","8.90909090909091","8.45454545454546","8.36363636363636","7.09090909090909","6.36363636363636","6.18181818181818","6.09090909090909","6.27272727272727","6","5.81818181818182","5.54545454545455","5.54545454545455","5.54545454545455","5.72727272727273","5.54545454545455","","",
"Switzerland","CHE","Start-up procedures to register a business (number)","IC.REG.PROC","","","","","","","","","","","","","","","","","","","","","","","","","","","","","","","","","","","","","","","","","","","","6","6","6","6","6","6","6","6","6","6","6","6","6","6","6","6","6","","",
"Channel Islands","CHI","Start-up procedures to register a business (number)","IC.REG.PROC","","","","","","","","","","","","","","","","","","","","","","","","","","","","","","","","","","","","","","","","","","","","","","","","","","","","","","","","","","","","","","",
"Chile","CHL","Start-up procedures to register a business (number)","IC.REG.PROC","","","","","","","","","","","","","","","","","","","","","","","","","","","","","","","","","","","","","","","","","","","","9","9","9","9","9","9","9","9","8","8","8","8","8","8","8","7","6","","",
"China","CHN","Start-up procedures to register a business (number)","IC.REG.PROC","","","","","","","","","","","","","","","","","","","","","","","","","","","","","","","","","","","","","","","","","","","","","","","","","","","","","","13","11","11","9","9","5","5","","",
"Cote d'Ivoire","CIV","Start-up procedures to register a business (number)","IC.REG.PROC","","","","","","","","","","","","","","","","","","","","","","","","","","","","","","","","","","","","","","","","","","","","11","11","11","11","10","10","10","10","10","10","6","5","5","5","5","4","4","","",
"Cameroon","CMR","Start-up procedures to register a business (number)","IC.REG.PROC","","","","","","","","","","","","","","","","","","","","","","","","","","","","","","","","","","","","","","","","","","","","11","11","11","11","11","12","11","8","7","7","7","7","7","7","7","6","6","","",
"Congo, Dem. Rep.","COD","Start-up procedures to register a business (number)","IC.REG.PROC","","","","","","","","","","","","","","","","","","","","","","","","","","","","","","","","","","","","","","","","","","","","15","15","15","15","15","15","15","11","11","11","12","8","7","7","4","4","4","","",
"Congo, Rep.","COG","Start-up procedures to register a business (number)","IC.REG.PROC","","","","","","","","","","","","","","","","","","","","","","","","","","","","","","","","","","","","","","","","","","","","12","12","12","12","12","12","12","12","12","12","12","12","12","12","11","11","11","","",
"Colombia","COL","Start-up procedures to register a business (number)","IC.REG.PROC","","","","","","","","","","","","","","","","","","","","","","","","","","","","","","","","","","","","","","","","","","","","20","12","12","13","12","10","9","9","9","9","9","9","9","8","8","8","7","","",
"Comoros","COM","Start-up procedures to register a business (number)","IC.REG.PROC","","","","","","","","","","","","","","","","","","","","","","","","","","","","","","","","","","","","","","","","","","","","","","10","10","10","10","10","10","10","9","9","9","9","9","9","9","9","","",
"Cabo Verde","CPV","Start-up procedures to register a business (number)","IC.REG.PROC","","","","","","","","","","","","","","","","","","","","","","","","","","","","","","","","","","","","","","","","","","","","","","12","12","12","12","9","9","9","9","9","9","9","9","9","9","9","","",
"Costa Rica","CRI","Start-up procedures to register a business (number)","IC.REG.PROC","","","","","","","","","","","","","","","","","","","","","","","","","","","","","","","","","","","","","","","","","","","","12","12","12","12","12","12","12","12","12","12","9","9","9","9","9","10","10","","",
"Caribbean small states","CSS","Start-up procedures to register a business (number)","IC.REG.PROC","","","","","","","","","","","","","","","","","","","","","","","","","","","","","","","","","","","","","","","","","","","","7","7.5","7.81818181818182","7.81818181818182","7.75","7.75","7.58333333333333","7.5","7.53846153846154","7.46153846153846","7.30769230769231","7","7.07692307692308","6.69230769230769","6.61538461538461","6.61538461538461","6.61538461538461","","",
"Cuba","CUB","Start-up procedures to register a business (number)","IC.REG.PROC","","","","","","","","","","","","","","","","","","","","","","","","","","","","","","","","","","","","","","","","","","","","","","","","","","","","","","","","","","","","","","",
"Curacao","CUW","Start-up procedures to register a business (number)","IC.REG.PROC","","","","","","","","","","","","","","","","","","","","","","","","","","","","","","","","","","","","","","","","","","","","","","","","","","","","","","","","","","","","","","",
"Cayman Islands","CYM","Start-up procedures to register a business (number)","IC.REG.PROC","","","","","","","","","","","","","","","","","","","","","","","","","","","","","","","","","","","","","","","","","","","","","","","","","","","","","","","","","","","","","","",
"Cyprus","CYP","Start-up procedures to register a business (number)","IC.REG.PROC","","","","","","","","","","","","","","","","","","","","","","","","","","","","","","","","","","","","","","","","","","","","","","","","","6","6","6","6","6","6","6","6","5","5","5","5","","",
"Czech Republic","CZE","Start-up procedures to register a business (number)","IC.REG.PROC","","","","","","","","","","","","","","","","","","","","","","","","","","","","","","","","","","","","","","","","","","","","10","10","10","10","10","9","9","9","8","8","8","8","8","8","8","9","9","","",
"Germany","DEU","Start-up procedures to register a business (number)","IC.REG.PROC","","","","","","","","","","","","","","","","","","","","","","","","","","","","","","","","","","","","","","","","","","","","9","9","9","9","9","9","9","9","9","9","9","9","9","9","9","9","9","","",
"Djibouti","DJI","Start-up procedures to register a business (number)","IC.REG.PROC","","","","","","","","","","","","","","","","","","","","","","","","","","","","","","","","","","","","","","","","","","","","","","11","11","11","11","11","11","11","11","9","7","7","7","7","6","6","","",
"Dominica","DMA","Start-up procedures to register a business (number)","IC.REG.PROC","","","","","","","","","","","","","","","","","","","","","","","","","","","","","","","","","","","","","","","","","","","","","","5","5","5","5","5","5","5","5","5","5","5","5","5","5","5","","",
"Denmark","DNK","Start-up procedures to register a business (number)","IC.REG.PROC","","","","","","","","","","","","","","","","","","","","","","","","","","","","","","","","","","","","","","","","","","","","6","6","5","5","5","5","5","5","5","5","5","5","5","5","5","5","5","","",
"Dominican Republic","DOM","Start-up procedures to register a business (number)","IC.REG.PROC","","","","","","","","","","","","","","","","","","","","","","","","","","","","","","","","","","","","","","","","","","","","9","9","9","9","9","8","8","8","7","7","7","7","7","7","7","7","7","","",
"Algeria","DZA","Start-up procedures to register a business (number)","IC.REG.PROC","","","","","","","","","","","","","","","","","","","","","","","","","","","","","","","","","","","","","","","","","","","","14","13","13","13","13","13","13","13","13","13","13","13","12","12","12","12","12","","",
"East Asia & Pacific (excluding high income)","EAP","Start-up procedures to register a business (number)","IC.REG.PROC","","","","","","","","","","","","","","","","","","","","","","","","","","","","","","","","","","","","","","","","","","","","8.58823529411765","8.44444444444444","8.5","8.61111111111111","8.61111111111111","8.66666666666667","8.44444444444444","8.27777777777778","7.88888888888889","8.26315789473684","8.66666666666667","8.52380952380952","8.33333333333333","8.19047619047619","8.19047619047619","7.76190476190476","7.33333333333333","","",
"Early-demographic dividend","EAR","Start-up procedures to register a business (number)","IC.REG.PROC","","","","","","","","","","","","","","","","","","","","","","","","","","","","","","","","","","","","","","","","","","","","10.8181818181818","10.5777777777778","10.5660377358491","10.5094339622642","10","9.64814814814815","9.38888888888889","9.31481481481481","9.18518518518519","9.33928571428571","9.29508196721311","9.32786885245902","9.13114754098361","8.9344262295082","8.73770491803279","8.34426229508197","7.95081967213115","","",
"East Asia & Pacific","EAS","Start-up procedures to register a business (number)","IC.REG.PROC","","","","","","","","","","","","","","","","","","","","","","","","","","","","","","","","","","","","","","","","","","","","7.8695652173913","7.79166666666667","7.79166666666667","8.4","8.36","8.32","7.88","7.64","7.16","7.38461538461539","7.75862068965517","7.6551724137931","7.10344827586207","6.96551724137931","6.89655172413793","6.48275862068965","6.17241379310345","","",
"Europe & Central Asia (excluding high income)","ECA","Start-up procedures to register a business (number)","IC.REG.PROC","","","","","","","","","","","","","","","","","","","","","","","","","","","","","","","","","","","","","","","","","","","","12.4666666666667","12","11.9375","11.4705882352941","10.7058823529412","9.35294117647059","8.22222222222222","7.72222222222222","7.16666666666667","6.72222222222222","6.15789473684211","6.05263157894737","5.63157894736842","5.47368421052632","5.31578947368421","4.94736842105263","4.94736842105263","","",
"Europe & Central Asia","ECS","Start-up procedures to register a business (number)","IC.REG.PROC","","","","","","","","","","","","","","","","","","","","","","","","","","","","","","","","","","","","","","","","","","","","9.60975609756098","9.14285714285714","9.16279069767442","8.77777777777778","8.42222222222222","7.58695652173913","7.04255319148936","6.80851063829787","6.48936170212766","6.41666666666667","5.97959183673469","5.77551020408163","5.51020408163265","5.40816326530612","5.3265306122449","5.34","5.26","","",
"Ecuador","ECU","Start-up procedures to register a business (number)","IC.REG.PROC","","","","","","","","","","","","","","","","","","","","","","","","","","","","","","","","","","","","","","","","","","","","14","14","14","14","14","14","13","13","13","13","13","13","12","11","11","11","11","","",
"Egypt, Arab Rep.","EGY","Start-up procedures to register a business (number)","IC.REG.PROC","","","","","","","","","","","","","","","","","","","","","","","","","","","","","","","","","","","","","","","","","","","","14","14","11","11","10","9","9","9","9","9","9","9","9","9","9","6","5","","",
"Euro area","EMU","Start-up procedures to register a business (number)","IC.REG.PROC","","","","","","","","","","","","","","","","","","","","","","","","","","","","","","","","","","","","","","","","","","","","8.4375","8","8","7.52941176470588","7.35294117647059","6.72222222222222","6.55555555555556","6.44444444444444","6.36842105263158","6.42105263157895","6","5.68421052631579","5.52631578947368","5.36842105263158","5.26315789473684","5.31578947368421","5.05263157894737","","",
"Eritrea","ERI","Start-up procedures to register a business (number)","IC.REG.PROC","","","","","","","","","","","","","","","","","","","","","","","","","","","","","","","","","","","","","","","","","","","","","13","13","13","13","13","13","13","13","13","13","13","13","13","13","13","13","","",
"Spain","ESP","Start-up procedures to register a business (number)","IC.REG.PROC","","","","","","","","","","","","","","","","","","","","","","","","","","","","","","","","","","","","","","","","","","","","10","10","10","10","10","10","10","10","10","11","11","7","7","7","7","7","7","","",
"Estonia","EST","Start-up procedures to register a business (number)","IC.REG.PROC","","","","","","","","","","","","","","","","","","","","","","","","","","","","","","","","","","","","","","","","","","","","6","6","6","6","5","5","5","5","5","5","5","4","3","3","3","3","3","","",
"Ethiopia","ETH","Start-up procedures to register a business (number)","IC.REG.PROC","","","","","","","","","","","","","","","","","","","","","","","","","","","","","","","","","","","","","","","","","","","","12","11","11","11","11","11","11","11","13","14","14","14","14","14","12","11","11","","",
"European Union","EUU","Start-up procedures to register a business (number)","IC.REG.PROC","","","","","","","","","","","","","","","","","","","","","","","","","","","","","","","","","","","","","","","","","","","","8.45833333333333","8.125","8.08333333333333","7.6","7.48","6.73076923076923","6.46153846153846","6.38461538461539","6.33333333333333","6.40740740740741","6","5.77777777777778","5.66666666666667","5.55555555555556","5.48148148148148","5.59259259259259","5.37037037037037","","",
"Fragile and conflict affected situations","FCS","Start-up procedures to register a business (number)","IC.REG.PROC","","","","","","","","","","","","","","","","","","","","","","","","","","","","","","","","","","","","","","","","","","","","11.3636363636364","11.1071428571429","11.2333333333333","10.8666666666667","10.7333333333333","10.3333333333333","9.90322580645161","9.64516129032258","9.12903225806452","9.17647058823529","8.88571428571429","8.71428571428571","8.55555555555556","8.44444444444444","8.19444444444444","8.11111111111111","7.91666666666667","","",
"Finland","FIN","Start-up procedures to register a business (number)","IC.REG.PROC","","","","","","","","","","","","","","","","","","","","","","","","","","","","","","","","","","","","","","","","","","","","3","3","3","3","3","3","3","3","3","3","3","3","3","3","3","3","3","","",
"Fiji","FJI","Start-up procedures to register a business (number)","IC.REG.PROC","","","","","","","","","","","","","","","","","","","","","","","","","","","","","","","","","","","","","","","","","","","","7","7","8","8","8","8","8","8","9","11","11","11","11","11","11","11","11","","",
"France","FRA","Start-up procedures to register a business (number)","IC.REG.PROC","","","","","","","","","","","","","","","","","","","","","","","","","","","","","","","","","","","","","","","","","","","","8","5","5","5","5","5","5","5","5","5","5","5","5","5","5","5","5","","",
"Faroe Islands","FRO","Start-up procedures to register a business (number)","IC.REG.PROC","","","","","","","","","","","","","","","","","","","","","","","","","","","","","","","","","","","","","","","","","","","","","","","","","","","","","","","","","","","","","","",
"Micronesia, Fed. Sts.","FSM","Start-up procedures to register a business (number)","IC.REG.PROC","","","","","","","","","","","","","","","","","","","","","","","","","","","","","","","","","","","","","","","","","","","","7","7","7","7","7","7","7","7","7","7","7","7","7","7","7","7","7","","",
"Gabon","GAB","Start-up procedures to register a business (number)","IC.REG.PROC","","","","","","","","","","","","","","","","","","","","","","","","","","","","","","","","","","","","","","","","","","","","","","10","10","10","10","10","10","10","10","9","9","9","9","8","7","7","","",
"United Kingdom","GBR","Start-up procedures to register a business (number)","IC.REG.PROC","","","","","","","","","","","","","","","","","","","","","","","","","","","","","","","","","","","","","","","","","","","","6","6","6","6","6","6","6","6","6","6","6","6","4","4","4","4","4","","",
"Georgia","GEO","Start-up procedures to register a business (number)","IC.REG.PROC","","","","","","","","","","","","","","","","","","","","","","","","","","","","","","","","","","","","","","","","","","","","9","9","8","7","5","3","3","3","2","2","2","2","2","2","2","1","1","","",
"Ghana","GHA","Start-up procedures to register a business (number)","IC.REG.PROC","","","","","","","","","","","","","","","","","","","","","","","","","","","","","","","","","","","","","","","","","","","","11","11","11","11","10","8","7","7","7","7","8","8","8","8","8","8","8","","",
"Gibraltar","GIB","Start-up procedures to register a business (number)","IC.REG.PROC","","","","","","","","","","","","","","","","","","","","","","","","","","","","","","","","","","","","","","","","","","","","","","","","","","","","","","","","","","","","","","",
"Guinea","GIN","Start-up procedures to register a business (number)","IC.REG.PROC","","","","","","","","","","","","","","","","","","","","","","","","","","","","","","","","","","","","","","","","","","","","12","12","12","12","12","12","12","12","12","7","7","7","7","7","7","6","6","","",
"Gambia, The","GMB","Start-up procedures to register a business (number)","IC.REG.PROC","","","","","","","","","","","","","","","","","","","","","","","","","","","","","","","","","","","","","","","","","","","","","","8","8","9","8","8","8","8","8","8","7","7","7","7","7","6","","",
"Guinea-Bissau","GNB","Start-up procedures to register a business (number)","IC.REG.PROC","","","","","","","","","","","","","","","","","","","","","","","","","","","","","","","","","","","","","","","","","","","","","","17","17","17","17","17","17","9","9","9","9","9","9","9","9","9","","",
"Equatorial Guinea","GNQ","Start-up procedures to register a business (number)","IC.REG.PROC","","","","","","","","","","","","","","","","","","","","","","","","","","","","","","","","","","","","","","","","","","","","","","18","18","18","18","18","18","18","18","18","18","18","17","16","16","16","","",
"Greece","GRC","Start-up procedures to register a business (number)","IC.REG.PROC","","","","","","","","","","","","","","","","","","","","","","","","","","","","","","","","","","","","","","","","","","","","15","15","15","15","15","15","15","15","11","11","5","5","5","5","4","4","3","","",
"Grenada","GRD","Start-up procedures to register a business (number)","IC.REG.PROC","","","","","","","","","","","","","","","","","","","","","","","","","","","","","","","","","","","","","","","","","","","","","","6","6","6","6","6","6","6","6","6","6","6","6","6","6","6","","",
"Greenland","GRL","Start-up procedures to register a business (number)","IC.REG.PROC","","","","","","","","","","","","","","","","","","","","","","","","","","","","","","","","","","","","","","","","","","","","","","","","","","","","","","","","","","","","","","",
"Guatemala","GTM","Start-up procedures to register a business (number)","IC.REG.PROC","","","","","","","","","","","","","","","","","","","","","","","","","","","","","","","","","","","","","","","","","","","","16","16","16","14","14","14","14","14","14","14","9","9","9","9","9","6","6","","",
"Guam","GUM","Start-up procedures to register a business (number)","IC.REG.PROC","","","","","","","","","","","","","","","","","","","","","","","","","","","","","","","","","","","","","","","","","","","","","","","","","","","","","","","","","","","","","","",
"Guyana","GUY","Start-up procedures to register a business (number)","IC.REG.PROC","","","","","","","","","","","","","","","","","","","","","","","","","","","","","","","","","","","","","","","","","","","","","8","8","8","8","8","8","8","8","7","7","7","7","7","7","7","7","","",
"High income","HIC","Start-up procedures to register a business (number)","IC.REG.PROC","","","","","","","","","","","","","","","","","","","","","","","","","","","","","","","","","","","","","","","","","","","","8.02380952380952","7.76744186046512","7.80851063829787","7.83673469387755","7.61538461538461","7.22641509433962","6.92452830188679","6.84905660377358","6.54545454545455","6.57142857142857","6.3448275862069","6.18965517241379","5.91379310344828","5.74137931034483","5.53448275862069","5.50847457627119","5.1864406779661","","",
"Hong Kong SAR, China","HKG","Start-up procedures to register a business (number)","IC.REG.PROC","","","","","","","","","","","","","","","","","","","","","","","","","","","","","","","","","","","","","","","","","","","","5","5","5","5","5","5","3","3","3","3","3","3","2","2","2","2","2","","",
"Honduras","HND","Start-up procedures to register a business (number)","IC.REG.PROC","","","","","","","","","","","","","","","","","","","","","","","","","","","","","","","","","","","","","","","","","","","","12","12","12","12","12","12","12","13","13","13","13","13","11","11","11","11","11","","",
"Heavily indebted poor countries (HIPC)","HPC","Start-up procedures to register a business (number)","IC.REG.PROC","","","","","","","","","","","","","","","","","","","","","","","","","","","","","","","","","","","","","","","","","","","","11.8620689655172","11.3529411764706","11.3243243243243","11.1052631578947","10.8421052631579","10.3684210526316","9.8421052631579","9.63157894736842","9.02631578947368","8.73684210526316","8.55263157894737","8.23684210526316","8.17948717948718","7.87179487179487","7.48717948717949","7.30769230769231","7.25641025641026","","",
"Croatia","HRV","Start-up procedures to register a business (number)","IC.REG.PROC","","","","","","","","","","","","","","","","","","","","","","","","","","","","","","","","","","","","","","","","","","","","11","11","11","9","8","8","8","8","8","8","8","8","8","8","8","8","7","","",
"Haiti","HTI","Start-up procedures to register a business (number)","IC.REG.PROC","","","","","","","","","","","","","","","","","","","","","","","","","","","","","","","","","","","","","","","","","","","","13","13","13","13","13","13","13","12","12","12","12","12","12","12","12","12","12","","",
"Hungary","HUN","Start-up procedures to register a business (number)","IC.REG.PROC","","","","","","","","","","","","","","","","","","","","","","","","","","","","","","","","","","","","","","","","","","","","7","7","7","7","7","5","5","5","5","6","6","6","6","6","6","6","6","","",
"IBRD only","IBD","Start-up procedures to register a business (number)","IC.REG.PROC","","","","","","","","","","","","","","","","","","","","","","","","","","","","","","","","","","","","","","","","","","","","11.9183673469388","11.2549019607843","11.0666666666667","10.8852459016393","10.4590163934426","9.91803278688525","9.47540983606557","9.34426229508197","9","8.90322580645161","8.70588235294118","8.69117647058824","8.52941176470588","8.33823529411765","8.20588235294118","7.72058823529412","7.60294117647059","","",
"IDA & IBRD total","IBT","Start-up procedures to register a business (number)","IC.REG.PROC","","","","","","","","","","","","","","","","","","","","","","","","","","","","","","","","","","","","","","","","","","","","11.1428571428571","10.688679245283","10.568","10.4251968503937","10.1102362204724","9.61417322834646","9.1484375","8.9765625","8.5859375","8.52671755725191","8.38571428571429","8.25","8.1063829787234","7.88652482269504","7.70212765957447","7.39007092198582","7.21276595744681","","",
"IDA total","IDA","Start-up procedures to register a business (number)","IC.REG.PROC","","","","","","","","","","","","","","","","","","","","","","","","","","","","","","","","","","","","","","","","","","","","10.3673469387755","10.1636363636364","10.1076923076923","10","9.78787878787879","9.33333333333333","8.85074626865672","8.64179104477612","8.2089552238806","8.18840579710145","8.08333333333333","7.83333333333333","7.71232876712329","7.46575342465753","7.23287671232877","7.08219178082192","6.84931506849315","","",
"IDA blend","IDB","Start-up procedures to register a business (number)","IC.REG.PROC","","","","","","","","","","","","","","","","","","","","","","","","","","","","","","","","","","","","","","","","","","","","9.85714285714286","10","9.23076923076923","9.23076923076923","9.07692307692308","9.23076923076923","8.76923076923077","8.38461538461539","8.15384615384615","8.23076923076923","8.4","8.26666666666667","8.06666666666667","7.8","7.53333333333333","7.26666666666667","6.86666666666667","","",
"Indonesia","IDN","Start-up procedures to register a business (number)","IC.REG.PROC","","","","","","","","","","","","","","","","","","","","","","","","","","","","","","","","","","","","","","","","","","","","","","","","","","","","","","12","13","13","12","12","11","11","","",
"IDA only","IDX","Start-up procedures to register a business (number)","IC.REG.PROC","","","","","","","","","","","","","","","","","","","","","","","","","","","","","","","","","","","","","","","","","","","","10.452380952381","10.1914893617021","10.3269230769231","10.188679245283","9.9622641509434","9.35849056603774","8.87037037037037","8.7037037037037","8.22222222222222","8.17857142857143","8","7.71929824561404","7.62068965517241","7.37931034482759","7.1551724137931","7.03448275862069","6.8448275862069","","",
"Isle of Man","IMN","Start-up procedures to register a business (number)","IC.REG.PROC","","","","","","","","","","","","","","","","","","","","","","","","","","","","","","","","","","","","","","","","","","","","","","","","","","","","","","","","","","","","","","",
"India","IND","Start-up procedures to register a business (number)","IC.REG.PROC","","","","","","","","","","","","","","","","","","","","","","","","","","","","","","","","","","","","","","","","","","","","","","","","","","","","","","14","15","14","14","12","10","10","","",
"Not classified","INX","Start-up procedures to register a business (number)","IC.REG.PROC","","","","","","","","","","","","","","","","","","","","","","","","","","","","","","","","","","","","","","","","","","","","","","","","","","","","","","","","","","","","","","",
"Ireland","IRL","Start-up procedures to register a business (number)","IC.REG.PROC","","","","","","","","","","","","","","","","","","","","","","","","","","","","","","","","","","","","","","","","","","","","4","4","4","4","4","4","4","4","4","4","4","4","4","3","3","3","3","","",
"Iran, Islamic Rep.","IRN","Start-up procedures to register a business (number)","IC.REG.PROC","","","","","","","","","","","","","","","","","","","","","","","","","","","","","","","","","","","","","","","","","","","","11","11","10","10","10","10","9","9","9","10","10","10","10","10","10","10","10","","",
"Iraq","IRQ","Start-up procedures to register a business (number)","IC.REG.PROC","","","","","","","","","","","","","","","","","","","","","","","","","","","","","","","","","","","","","","","","","","","","","11","11","11","11","11","11","11","11","10","10","10","9","9","8","8","8","","",
"Iceland","ISL","Start-up procedures to register a business (number)","IC.REG.PROC","","","","","","","","","","","","","","","","","","","","","","","","","","","","","","","","","","","","","","","","","","","","","5","5","5","5","5","5","5","5","5","5","5","5","5","5","5","5","","",
"Israel","ISR","Start-up procedures to register a business (number)","IC.REG.PROC","","","","","","","","","","","","","","","","","","","","","","","","","","","","","","","","","","","","","","","","","","","","5","5","5","5","5","5","5","5","5","5","5","5","5","4","4","4","3","","",
"Italy","ITA","Start-up procedures to register a business (number)","IC.REG.PROC","","","","","","","","","","","","","","","","","","","","","","","","","","","","","","","","","","","","","","","","","","","","10","10","10","10","10","7","8","8","8","8","8","7","7","7","7","7","7","","",
"Jamaica","JAM","Start-up procedures to register a business (number)","IC.REG.PROC","","","","","","","","","","","","","","","","","","","","","","","","","","","","","","","","","","","","","","","","","","","","7","7","6","6","6","6","6","6","6","6","5","2","2","2","2","2","2","","",
"Jordan","JOR","Start-up procedures to register a business (number)","IC.REG.PROC","","","","","","","","","","","","","","","","","","","","","","","","","","","","","","","","","","","","","","","","","","","","13","10","10","10","8","8","7","7","7","7","7","7","7","7","7","7","7","","",
"Japan","JPN","Start-up procedures to register a business (number)","IC.REG.PROC","","","","","","","","","","","","","","","","","","","","","","","","","","","","","","","","","","","","","","","","","","","","","","","","","","","","","","8","8","8","8","8","8","8","","",
"Kazakhstan","KAZ","Start-up procedures to register a business (number)","IC.REG.PROC","","","","","","","","","","","","","","","","","","","","","","","","","","","","","","","","","","","","","","","","","","","","11","11","9","9","9","9","8","7","7","7","7","7","6","5","5","5","4","","",
"Kenya","KEN","Start-up procedures to register a business (number)","IC.REG.PROC","","","","","","","","","","","","","","","","","","","","","","","","","","","","","","","","","","","","","","","","","","","","13","13","15","15","14","15","15","14","14","13","13","13","13","9","7","7","7","","",
"Kyrgyz Republic","KGZ","Start-up procedures to register a business (number)","IC.REG.PROC","","","","","","","","","","","","","","","","","","","","","","","","","","","","","","","","","","","","","","","","","","","","9","9","9","9","9","6","5","4","4","4","4","4","4","4","4","4","4","","",
"Cambodia","KHM","Start-up procedures to register a business (number)","IC.REG.PROC","","","","","","","","","","","","","","","","","","","","","","","","","","","","","","","","","","","","","","","","","","","","11","11","10","10","10","11","11","11","11","11","12","12","8","9","9","9","9","","",
"Kiribati","KIR","Start-up procedures to register a business (number)","IC.REG.PROC","","","","","","","","","","","","","","","","","","","","","","","","","","","","","","","","","","","","","","","","","","","","6","7","7","7","7","7","7","7","7","7","7","7","7","7","7","7","7","","",
"St. Kitts and Nevis","KNA","Start-up procedures to register a business (number)","IC.REG.PROC","","","","","","","","","","","","","","","","","","","","","","","","","","","","","","","","","","","","","","","","","","","","","","7","7","7","7","7","7","7","7","7","7","7","7","7","7","7","","",
"Korea, Rep.","KOR","Start-up procedures to register a business (number)","IC.REG.PROC","","","","","","","","","","","","","","","","","","","","","","","","","","","","","","","","","","","","","","","","","","","","10","10","10","10","10","10","8","8","6","4","4","4","4","3","3","3","3","","",
"Kuwait","KWT","Start-up procedures to register a business (number)","IC.REG.PROC","","","","","","","","","","","","","","","","","","","","","","","","","","","","","","","","","","","","","","","","","","","","13","13","13","13","13","13","13","13","12","12","12","12","12","12","9","7","5","","",
"Latin America & Caribbean (excluding high income)","LAC","Start-up procedures to register a business (number)","IC.REG.PROC","","","","","","","","","","","","","","","","","","","","","","","","","","","","","","","","","","","","","","","","","","","","13","11.9333333333333","10.7142857142857","10.5714285714286","10","9.85714285714286","9.61904761904762","9.57142857142857","9.47619047619048","9.42857142857143","9","8.82608695652174","8.69565217391304","8.43478260869565","8.34782608695652","8.1304347826087","8.1304347826087","","",
"Lao PDR","LAO","Start-up procedures to register a business (number)","IC.REG.PROC","","","","","","","","","","","","","","","","","","","","","","","","","","","","","","","","","","","","","","","","","","","","10","10","10","11","11","11","11","11","10","9","9","9","10","10","10","10","9","","",
"Lebanon","LBN","Start-up procedures to register a business (number)","IC.REG.PROC","","","","","","","","","","","","","","","","","","","","","","","","","","","","","","","","","","","","","","","","","","","","9","9","9","9","9","8","8","8","8","8","8","8","8","8","8","8","8","","",
"Liberia","LBR","Start-up procedures to register a business (number)","IC.REG.PROC","","","","","","","","","","","","","","","","","","","","","","","","","","","","","","","","","","","","","","","","","","","","","","","11","11","7","6","6","5","5","5","5","5","5","5","5","5","","",
"Libya","LBY","Start-up procedures to register a business (number)","IC.REG.PROC","","","","","","","","","","","","","","","","","","","","","","","","","","","","","","","","","","","","","","","","","","","","","","","","","","","","","10","10","10","10","10","10","10","10","","",
"St. Lucia","LCA","Start-up procedures to register a business (number)","IC.REG.PROC","","","","","","","","","","","","","","","","","","","","","","","","","","","","","","","","","","","","","","","","","","","","","","6","6","6","6","5","5","5","5","5","5","5","5","5","5","5","","",
"Latin America & Caribbean","LCN","Start-up procedures to register a business (number)","IC.REG.PROC","","","","","","","","","","","","","","","","","","","","","","","","","","","","","","","","","","","","","","","","","","","","12.1578947368421","11.4","10.3103448275862","10.2068965517241","9.76666666666667","9.66666666666667","9.5","9.46666666666667","9.09677419354839","9.06451612903226","8.72727272727273","8.60606060606061","8.54545454545454","8.36363636363636","8.27272727272727","8.09090909090909","8.06060606060606","","",
"Least developed countries: UN classification","LDC","Start-up procedures to register a business (number)","IC.REG.PROC","","","","","","","","","","","","","","","","","","","","","","","","","","","","","","","","","","","","","","","","","","","","11.1612903225806","10.9722222222222","10.95","10.7560975609756","10.5121951219512","9.87804878048781","9.41463414634146","9.24390243902439","8.63414634146342","8.62790697674419","8.52272727272727","8.20454545454546","8.08888888888889","7.77777777777778","7.55555555555556","7.42222222222222","7.2","","",
"Low income","LIC","Start-up procedures to register a business (number)","IC.REG.PROC","","","","","","","","","","","","","","","","","","","","","","","","","","","","","","","","","","","","","","","","","","","","11.9473684210526","11.5","11.5","11.16","10.92","10.16","9.36","9.12","8.52","8.42307692307692","8.30769230769231","8.03846153846154","8.03703703703704","7.66666666666667","7.2962962962963","7.14814814814815","7.07407407407407","","",
"Liechtenstein","LIE","Start-up procedures to register a business (number)","IC.REG.PROC","","","","","","","","","","","","","","","","","","","","","","","","","","","","","","","","","","","","","","","","","","","","","","","","","","","","","","","","","","","10","10","","",
"Sri Lanka","LKA","Start-up procedures to register a business (number)","IC.REG.PROC","","","","","","","","","","","","","","","","","","","","","","","","","","","","","","","","","","","","","","","","","","","","9","9","9","9","9","9","9","9","9","9","9","9","8","7","7","7","7","","",
"Lower middle income","LMC","Start-up procedures to register a business (number)","IC.REG.PROC","","","","","","","","","","","","","","","","","","","","","","","","","","","","","","","","","","","","","","","","","","","","10.75","10.5581395348837","10.6458333333333","10.5","10.2916666666667","9.89583333333333","9.66666666666667","9.45833333333333","9.10416666666667","9.10204081632653","9.07407407407407","8.92592592592593","8.66666666666667","8.5","8.2962962962963","7.90740740740741","7.51851851851852","","",
"Low & middle income","LMY","Start-up procedures to register a business (number)","IC.REG.PROC","","","","","","","","","","","","","","","","","","","","","","","","","","","","","","","","","","","","","","","","","","","","11.2197802197802","10.76","10.6869565217391","10.5470085470085","10.1965811965812","9.64957264957265","9.17796610169492","8.99152542372881","8.61864406779661","8.55371900826446","8.43076923076923","8.27692307692308","8.12213740458015","7.88549618320611","7.68702290076336","7.3587786259542","7.18320610687023","","",
"Lesotho","LSO","Start-up procedures to register a business (number)","IC.REG.PROC","","","","","","","","","","","","","","","","","","","","","","","","","","","","","","","","","","","","","","","","","","","","9","9","9","8","8","7","7","7","7","7","7","7","7","7","7","7","6","","",
"Late-demographic dividend","LTE","Start-up procedures to register a business (number)","IC.REG.PROC","","","","","","","","","","","","","","","","","","","","","","","","","","","","","","","","","","","","","","","","","","","","10.2121212121212","9.38888888888889","9.175","9.5","9.22727272727273","8.6","7.97777777777778","7.73333333333333","7.28888888888889","7.2","7.10416666666667","6.95833333333333","6.625","6.39583333333333","6.1875","5.77083333333333","5.58333333333333","","",
"Lithuania","LTU","Start-up procedures to register a business (number)","IC.REG.PROC","","","","","","","","","","","","","","","","","","","","","","","","","","","","","","","","","","","","","","","","","","","","8","8","8","7","7","7","7","6","6","7","6","5","4","4","4","4","4","","",
"Luxembourg","LUX","Start-up procedures to register a business (number)","IC.REG.PROC","","","","","","","","","","","","","","","","","","","","","","","","","","","","","","","","","","","","","","","","","","","","","","","5","5","5","5","5","5","5","5","5","5","5","5","5","5","","",
"Latvia","LVA","Start-up procedures to register a business (number)","IC.REG.PROC","","","","","","","","","","","","","","","","","","","","","","","","","","","","","","","","","","","","","","","","","","","","5","5","5","5","5","5","5","5","4","4","4","4","4","4","4","4","4","","",
"Macao SAR, China","MAC","Start-up procedures to register a business (number)","IC.REG.PROC","","","","","","","","","","","","","","","","","","","","","","","","","","","","","","","","","","","","","","","","","","","","","","","","","","","","","","","","","","","","","","",
"St. Martin (French part)","MAF","Start-up procedures to register a business (number)","IC.REG.PROC","","","","","","","","","","","","","","","","","","","","","","","","","","","","","","","","","","","","","","","","","","","","","","","","","","","","","","","","","","","","","","",
"Morocco","MAR","Start-up procedures to register a business (number)","IC.REG.PROC","","","","","","","","","","","","","","","","","","","","","","","","","","","","","","","","","","","","","","","","","","","","12","7","7","7","7","7","7","7","7","7","6","6","5","5","4","4","4","","",
"Monaco","MCO","Start-up procedures to register a business (number)","IC.REG.PROC","","","","","","","","","","","","","","","","","","","","","","","","","","","","","","","","","","","","","","","","","","","","","","","","","","","","","","","","","","","","","","",
"Moldova","MDA","Start-up procedures to register a business (number)","IC.REG.PROC","","","","","","","","","","","","","","","","","","","","","","","","","","","","","","","","","","","","","","","","","","","","12","11","11","11","10","10","9","9","8","8","7","6","5","5","4","3","3","","",
"Madagascar","MDG","Start-up procedures to register a business (number)","IC.REG.PROC","","","","","","","","","","","","","","","","","","","","","","","","","","","","","","","","","","","","","","","","","","","","15","13","12","11","9","9","9","9","9","9","9","9","10","8","5","5","5","","",
"Maldives","MDV","Start-up procedures to register a business (number)","IC.REG.PROC","","","","","","","","","","","","","","","","","","","","","","","","","","","","","","","","","","","","","","","","","","","","5","5","5","5","5","5","6","6","6","6","6","6","6","6","6","6","6","","",
"Middle East & North Africa","MEA","Start-up procedures to register a business (number)","IC.REG.PROC","","","","","","","","","","","","","","","","","","","","","","","","","","","","","","","","","","","","","","","","","","","","11.9285714285714","11.375","11.1176470588235","11.1176470588235","10.2631578947368","9.42105263157895","9.10526315789474","9.21052631578947","9.1","9.09523809523809","8.85714285714286","8.76190476190476","8.61904761904762","8.28571428571429","7.80952380952381","7.19047619047619","6.28571428571429","","",
"Mexico","MEX","Start-up procedures to register a business (number)","IC.REG.PROC","","","","","","","","","","","","","","","","","","","","","","","","","","","","","","","","","","","","","","","","","","","","","","","","","","","","","","7","7","7","8","8","8","8","","",
"Marshall Islands","MHL","Start-up procedures to register a business (number)","IC.REG.PROC","","","","","","","","","","","","","","","","","","","","","","","","","","","","","","","","","","","","","","","","","","","","7","5","5","5","5","5","5","5","5","5","5","5","5","5","5","5","5","","",
"Middle income","MIC","Start-up procedures to register a business (number)","IC.REG.PROC","","","","","","","","","","","","","","","","","","","","","","","","","","","","","","","","","","","","","","","","","","","","11.0277777777778","10.5512820512821","10.4725274725275","10.3804347826087","10","9.51086956521739","9.12903225806452","8.95698924731183","8.64516129032258","8.58947368421053","8.46153846153846","8.33653846153846","8.14423076923077","7.94230769230769","7.78846153846154","7.41346153846154","7.21153846153846","","",
"North Macedonia","MKD","Start-up procedures to register a business (number)","IC.REG.PROC","","","","","","","","","","","","","","","","","","","","","","","","","","","","","","","","","","","","","","","","","","","","15","15","15","13","12","10","7","6","6","5","6","6","6","6","6","6","6","","",
"Mali","MLI","Start-up procedures to register a business (number)","IC.REG.PROC","","","","","","","","","","","","","","","","","","","","","","","","","","","","","","","","","","","","","","","","","","","","12","12","12","12","10","10","6","6","4","4","5","5","5","5","5","5","5","","",
"Malta","MLT","Start-up procedures to register a business (number)","IC.REG.PROC","","","","","","","","","","","","","","","","","","","","","","","","","","","","","","","","","","","","","","","","","","","","","","","","","","","","10","10","10","10","10","9","8","8","5","","",
"Myanmar","MMR","Start-up procedures to register a business (number)","IC.REG.PROC","","","","","","","","","","","","","","","","","","","","","","","","","","","","","","","","","","","","","","","","","","","","","","","","","","","","","15","15","15","14","12","12","12","6","","",
"Middle East & North Africa (excluding high income)","MNA","Start-up procedures to register a business (number)","IC.REG.PROC","","","","","","","","","","","","","","","","","","","","","","","","","","","","","","","","","","","","","","","","","","","","12","11.1818181818182","10.8333333333333","10.8333333333333","10.6666666666667","9.58333333333333","9.25","9.25","9.25","9.30769230769231","8.92307692307692","8.76923076923077","8.53846153846154","8.53846153846154","8.38461538461539","7.76923076923077","7.38461538461539","","",
"Montenegro","MNE","Start-up procedures to register a business (number)","IC.REG.PROC","","","","","","","","","","","","","","","","","","","","","","","","","","","","","","","","","","","","","","","","","","","","","","","15","15","15","13","9","8","8","8","8","8","8","8","8","8","","",
"Mongolia","MNG","Start-up procedures to register a business (number)","IC.REG.PROC","","","","","","","","","","","","","","","","","","","","","","","","","","","","","","","","","","","","","","","","","","","","9","8","8","8","8","8","8","8","8","8","7","7","8","8","8","8","8","","",
"Northern Mariana Islands","MNP","Start-up procedures to register a business (number)","IC.REG.PROC","","","","","","","","","","","","","","","","","","","","","","","","","","","","","","","","","","","","","","","","","","","","","","","","","","","","","","","","","","","","","","",
"Mozambique","MOZ","Start-up procedures to register a business (number)","IC.REG.PROC","","","","","","","","","","","","","","","","","","","","","","","","","","","","","","","","","","","","","","","","","","","","15","15","15","14","11","11","11","10","10","10","10","10","10","10","10","10","10","","",
"Mauritania","MRT","Start-up procedures to register a business (number)","IC.REG.PROC","","","","","","","","","","","","","","","","","","","","","","","","","","","","","","","","","","","","","","","","","","","","11","11","11","11","11","9","9","9","9","9","9","7","7","7","4","4","4","","",
"Mauritius","MUS","Start-up procedures to register a business (number)","IC.REG.PROC","","","","","","","","","","","","","","","","","","","","","","","","","","","","","","","","","","","","","","","","","","","","","7","7","7","7","6","6","6","5","5","5","5","5","5","5","4","4","","",
"Malawi","MWI","Start-up procedures to register a business (number)","IC.REG.PROC","","","","","","","","","","","","","","","","","","","","","","","","","","","","","","","","","","","","","","","","","","","","10","10","10","10","10","10","10","10","10","10","10","8","8","7","7","7","7","","",
"Malaysia","MYS","Start-up procedures to register a business (number)","IC.REG.PROC","","","","","","","","","","","","","","","","","","","","","","","","","","","","","","","","","","","","","","","","","","","","10","10","10","10","10","10","10","9","6","6","6","6","6","9","9","9","8","","",
"North America","NAC","Start-up procedures to register a business (number)","IC.REG.PROC","","","","","","","","","","","","","","","","","","","","","","","","","","","","","","","","","","","","","","","","","","","","3","3","3","3","3","2","2","2","2","2","4","4","4","4","4","4","4","","",
"Namibia","NAM","Start-up procedures to register a business (number)","IC.REG.PROC","","","","","","","","","","","","","","","","","","","","","","","","","","","","","","","","","","","","","","","","","","","","10","10","10","10","10","10","10","10","10","10","10","10","10","10","10","10","10","","",
"New Caledonia","NCL","Start-up procedures to register a business (number)","IC.REG.PROC","","","","","","","","","","","","","","","","","","","","","","","","","","","","","","","","","","","","","","","","","","","","","","","","","","","","","","","","","","","","","","",
"Niger","NER","Start-up procedures to register a business (number)","IC.REG.PROC","","","","","","","","","","","","","","","","","","","","","","","","","","","","","","","","","","","","","","","","","","","","14","14","14","12","12","12","10","10","10","10","7","7","7","5","4","4","4","","",
"Nigeria","NGA","Start-up procedures to register a business (number)","IC.REG.PROC","","","","","","","","","","","","","","","","","","","","","","","","","","","","","","","","","","","","","","","","","","","","","","","","","","","","","","8","8","8","8","8","8","7","","",
"Nicaragua","NIC","Start-up procedures to register a business (number)","IC.REG.PROC","","","","","","","","","","","","","","","","","","","","","","","","","","","","","","","","","","","","","","","","","","","","11","8","8","8","8","8","8","8","8","8","8","7","7","7","7","7","7","","",
"Netherlands","NLD","Start-up procedures to register a business (number)","IC.REG.PROC","","","","","","","","","","","","","","","","","","","","","","","","","","","","","","","","","","","","","","","","","","","","7","7","7","6","6","6","6","6","6","5","4","4","4","4","4","4","4","","",
"Norway","NOR","Start-up procedures to register a business (number)","IC.REG.PROC","","","","","","","","","","","","","","","","","","","","","","","","","","","","","","","","","","","","","","","","","","","","5","5","5","4","5","5","5","5","5","5","5","4","4","4","4","4","4","","",
"Nepal","NPL","Start-up procedures to register a business (number)","IC.REG.PROC","","","","","","","","","","","","","","","","","","","","","","","","","","","","","","","","","","","","","","","","","","","","7","7","7","7","7","7","7","7","7","7","7","7","7","7","8","8","8","","",
"Nauru","NRU","Start-up procedures to register a business (number)","IC.REG.PROC","","","","","","","","","","","","","","","","","","","","","","","","","","","","","","","","","","","","","","","","","","","","","","","","","","","","","","","","","","","","","","",
"New Zealand","NZL","Start-up procedures to register a business (number)","IC.REG.PROC","","","","","","","","","","","","","","","","","","","","","","","","","","","","","","","","","","","","","","","","","","","","2","2","2","2","2","1","1","1","1","1","1","1","1","1","1","1","1","","",
"OECD members","OED","Start-up procedures to register a business (number)","IC.REG.PROC","","","","","","","","","","","","","","","","","","","","","","","","","","","","","","","","","","","","","","","","","","","","8.12121212121212","7.44117647058824","7.41176470588235","7.2","7.11428571428571","6.62857142857143","6.34285714285714","6.28571428571429","6.02857142857143","6.02857142857143","5.76315789473684","5.60526315789474","5.47368421052632","5.36842105263158","5.34210526315789","5.34210526315789","5.21052631578947","","",
"Oman","OMN","Start-up procedures to register a business (number)","IC.REG.PROC","","","","","","","","","","","","","","","","","","","","","","","","","","","","","","","","","","","","","","","","","","","","12","12","12","12","12","9","7","7","7","7","7","7","7","5","4","4","4","","",
"Other small states","OSS","Start-up procedures to register a business (number)","IC.REG.PROC","","","","","","","","","","","","","","","","","","","","","","","","","","","","","","","","","","","","","","","","","","","","8.33333333333333","8.4","10.1578947368421","10.8571428571429","10.4782608695652","10.125","9.95833333333333","9.75","9","8.96153846153846","8.80769230769231","8.5","8","7.84615384615385","7.69230769230769","7.46153846153846","7.23076923076923","","",
"Pakistan","PAK","Start-up procedures to register a business (number)","IC.REG.PROC","","","","","","","","","","","","","","","","","","","","","","","","","","","","","","","","","","","","","","","","","","","","","","","","","","","","","","13","13","13","13","13","10","5","","",
"Panama","PAN","Start-up procedures to register a business (number)","IC.REG.PROC","","","","","","","","","","","","","","","","","","","","","","","","","","","","","","","","","","","","","","","","","","","","6","6","6","6","6","6","6","6","6","6","5","5","5","5","5","5","5","","",
"Peru","PER","Start-up procedures to register a business (number)","IC.REG.PROC","","","","","","","","","","","","","","","","","","","","","","","","","","","","","","","","","","","","","","","","","","","","11","11","11","11","11","11","10","9","8","8","8","8","8","8","8","8","8","","",
"Philippines","PHL","Start-up procedures to register a business (number)","IC.REG.PROC","","","","","","","","","","","","","","","","","","","","","","","","","","","","","","","","","","","","","","","","","","","","17","17","17","17","17","17","18","18","17","17","17","17","17","17","17","14","13","","",
"Palau","PLW","Start-up procedures to register a business (number)","IC.REG.PROC","","","","","","","","","","","","","","","","","","","","","","","","","","","","","","","","","","","","","","","","","","","","8","7","7","8","8","8","8","8","8","8","8","8","8","8","8","8","8","","",
"Papua New Guinea","PNG","Start-up procedures to register a business (number)","IC.REG.PROC","","","","","","","","","","","","","","","","","","","","","","","","","","","","","","","","","","","","","","","","","","","","6","6","6","6","6","6","6","6","6","6","6","6","6","6","6","6","6","","",
"Poland","POL","Start-up procedures to register a business (number)","IC.REG.PROC","","","","","","","","","","","","","","","","","","","","","","","","","","","","","","","","","","","","","","","","","","","","11","11","11","11","11","11","7","7","7","7","5","5","5","5","5","5","5","","",
"Pre-demographic dividend","PRE","Start-up procedures to register a business (number)","IC.REG.PROC","","","","","","","","","","","","","","","","","","","","","","","","","","","","","","","","","","","","","","","","","","","","11.9583333333333","11.5862068965517","11.7878787878788","11.5294117647059","11.2352941176471","10.7058823529412","10.2058823529412","9.88235294117647","9.23529411764706","8.94285714285714","8.69444444444444","8.33333333333333","8.2972972972973","7.86486486486486","7.48648648648649","7.32432432432432","7.24324324324324","","",
"Puerto Rico","PRI","Start-up procedures to register a business (number)","IC.REG.PROC","","","","","","","","","","","","","","","","","","","","","","","","","","","","","","","","","","","","","","","","","","","","7","7","7","7","7","7","7","7","6","6","6","6","6","6","6","6","6","","",
"Korea, Dem. People's Rep.","PRK","Start-up procedures to register a business (number)","IC.REG.PROC","","","","","","","","","","","","","","","","","","","","","","","","","","","","","","","","","","","","","","","","","","","","","","","","","","","","","","","","","","","","","","",
"Portugal","PRT","Start-up procedures to register a business (number)","IC.REG.PROC","","","","","","","","","","","","","","","","","","","","","","","","","","","","","","","","","","","","","","","","","","","","11","11","11","8","7","6","6","6","6","6","5","6","6","6","6","6","6","","",
"Paraguay","PRY","Start-up procedures to register a business (number)","IC.REG.PROC","","","","","","","","","","","","","","","","","","","","","","","","","","","","","","","","","","","","","","","","","","","","17","17","17","17","7","7","7","7","7","7","7","7","7","7","7","7","7","","",
"West Bank and Gaza","PSE","Start-up procedures to register a business (number)","IC.REG.PROC","","","","","","","","","","","","","","","","","","","","","","","","","","","","","","","","","","","","","","","","","","","","","13","13","13","13","12","12","12","12","12","10","10","10","10","10","10","10","","",
"Pacific island small states","PSS","Start-up procedures to register a business (number)","IC.REG.PROC","","","","","","","","","","","","","","","","","","","","","","","","","","","","","","","","","","","","","","","","","","","","6.88888888888889","6.55555555555556","6.77777777777778","6.88888888888889","6.88888888888889","6.88888888888889","6.44444444444444","6.44444444444444","6.55555555555556","6.77777777777778","6.77777777777778","6.77777777777778","6.77777777777778","6.66666666666667","6.66666666666667","6.66666666666667","6.66666666666667","","",
"Post-demographic dividend","PST","Start-up procedures to register a business (number)","IC.REG.PROC","","","","","","","","","","","","","","","","","","","","","","","","","","","","","","","","","","","","","","","","","","","","8.36666666666667","8.16666666666667","8.16129032258065","7.59375","7.34375","6.6875","6.375","6.34375","6.26470588235294","6.17647058823529","5.91666666666667","5.72222222222222","5.52777777777778","5.5","5.44444444444444","5.47222222222222","5.33333333333333","","",
"French Polynesia","PYF","Start-up procedures to register a business (number)","IC.REG.PROC","","","","","","","","","","","","","","","","","","","","","","","","","","","","","","","","","","","","","","","","","","","","","","","","","","","","","","","","","","","","","","",
"Qatar","QAT","Start-up procedures to register a business (number)","IC.REG.PROC","","","","","","","","","","","","","","","","","","","","","","","","","","","","","","","","","","","","","","","","","","","","","","","","8","8","8","10","9","9","9","9","9","9","9","8","8","","",
"Romania","ROU","Start-up procedures to register a business (number)","IC.REG.PROC","","","","","","","","","","","","","","","","","","","","","","","","","","","","","","","","","","","","","","","","","","","","7","6","6","6","6","6","6","6","7","7","6","6","6","6","6","6","6","","",
"Russian Federation","RUS","Start-up procedures to register a business (number)","IC.REG.PROC","","","","","","","","","","","","","","","","","","","","","","","","","","","","","","","","","","","","","","","","","","","","","","","","","","","","","","6","5","5","4","4","4","4","","",
"Rwanda","RWA","Start-up procedures to register a business (number)","IC.REG.PROC","","","","","","","","","","","","","","","","","","","","","","","","","","","","","","","","","","","","","","","","","","","","9","9","9","9","9","8","6","6","6","7","7","8","7","5","5","5","5","","",
"South Asia","SAS","Start-up procedures to register a business (number)","IC.REG.PROC","","","","","","","","","","","","","","","","","","","","","","","","","","","","","","","","","","","","","","","","","","","","7.75","7","7","7","6.8","6.8","7","7","7","7","8.75","8.875","8.625","8.5","8.375","7.75","7.125","","",
"Saudi Arabia","SAU","Start-up procedures to register a business (number)","IC.REG.PROC","","","","","","","","","","","","","","","","","","","","","","","","","","","","","","","","","","","","","","","","","","","","19","19","19","19","13","13","14","14","14","14","14","14","14","14","11","11","3","","",
"Sudan","SDN","Start-up procedures to register a business (number)","IC.REG.PROC","","","","","","","","","","","","","","","","","","","","","","","","","","","","","","","","","","","","","","","","","","","","","12","11","11","11","11","11","11","11","11","11","11","11","11","11","10","10","","",
"Senegal","SEN","Start-up procedures to register a business (number)","IC.REG.PROC","","","","","","","","","","","","","","","","","","","","","","","","","","","","","","","","","","","","","","","","","","","","11","11","11","11","11","5","5","5","4","4","4","4","4","4","4","4","4","","",
"Singapore","SGP","Start-up procedures to register a business (number)","IC.REG.PROC","","","","","","","","","","","","","","","","","","","","","","","","","","","","","","","","","","","","","","","","","","","","7","7","6","6","5","4","3","3","3","3","3","3","3","3","3","2","2","","",
"Solomon Islands","SLB","Start-up procedures to register a business (number)","IC.REG.PROC","","","","","","","","","","","","","","","","","","","","","","","","","","","","","","","","","","","","","","","","","","","","7","7","7","7","7","7","7","7","7","7","7","7","7","7","7","7","7","","",
"Sierra Leone","SLE","Start-up procedures to register a business (number)","IC.REG.PROC","","","","","","","","","","","","","","","","","","","","","","","","","","","","","","","","","","","","","","","","","","","","8","8","8","8","8","6","6","6","6","6","6","6","6","5","5","5","5","","",
"El Salvador","SLV","Start-up procedures to register a business (number)","IC.REG.PROC","","","","","","","","","","","","","","","","","","","","","","","","","","","","","","","","","","","","","","","","","","","","13","13","13","11","10","9","9","9","9","9","9","9","9","9","9","9","9","","",
"San Marino","SMR","Start-up procedures to register a business (number)","IC.REG.PROC","","","","","","","","","","","","","","","","","","","","","","","","","","","","","","","","","","","","","","","","","","","","","","","","","","","","","9","9","8","8","8","8","8","7","","",
"Somalia","SOM","Start-up procedures to register a business (number)","IC.REG.PROC","","","","","","","","","","","","","","","","","","","","","","","","","","","","","","","","","","","","","","","","","","","","","","","","","","","","","","","","9","9","9","9","9","","",
"Serbia","SRB","Start-up procedures to register a business (number)","IC.REG.PROC","","","","","","","","","","","","","","","","","","","","","","","","","","","","","","","","","","","","","","","","","","","","12","12","11","11","11","11","7","7","7","6","6","6","6","5","5","5","7","","",
"Sub-Saharan Africa (excluding high income)","SSA","Start-up procedures to register a business (number)","IC.REG.PROC","","","","","","","","","","","","","","","","","","","","","","","","","","","","","","","","","","","","","","","","","","","","11.46875","11.3055555555556","11.5116279069767","11.2954545454545","11","10.4090909090909","9.88636363636364","9.68181818181818","9.11363636363636","8.95555555555556","8.78260869565217","8.56521739130435","8.5531914893617","8.17021276595745","7.78723404255319","7.59574468085106","7.51063829787234","","",
"South Sudan","SSD","Start-up procedures to register a business (number)","IC.REG.PROC","","","","","","","","","","","","","","","","","","","","","","","","","","","","","","","","","","","","","","","","","","","","","","","","","","","","","13","13","13","13","13","12","12","12","","",
"Sub-Saharan Africa","SSF","Start-up procedures to register a business (number)","IC.REG.PROC","","","","","","","","","","","","","","","","","","","","","","","","","","","","","","","","","","","","","","","","","","","","11.46875","11.3055555555556","11.4772727272727","11.2666666666667","10.9777777777778","10.4","9.88888888888889","9.68888888888889","9.13333333333333","8.97826086956522","8.78723404255319","8.57446808510638","8.5625","8.1875","7.8125","7.625","7.54166666666667","","",
"Small states","SST","Start-up procedures to register a business (number)","IC.REG.PROC","","","","","","","","","","","","","","","","","","","","","","","","","","","","","","","","","","","","","","","","","","","","7.4375","7.52380952380952","8.71794871794872","9.17073170731707","9","8.84444444444444","8.62222222222222","8.48888888888889","8.12765957446809","8.14583333333333","8.02083333333333","7.77083333333333","7.52083333333333","7.3125","7.20833333333333","7.08333333333333","6.95833333333333","","",
"Sao Tome and Principe","STP","Start-up procedures to register a business (number)","IC.REG.PROC","","","","","","","","","","","","","","","","","","","","","","","","","","","","","","","","","","","","","","","","","","","","","11","11","11","11","11","11","12","7","7","7","6","6","6","6","6","6","","",
"Suriname","SUR","Start-up procedures to register a business (number)","IC.REG.PROC","","","","","","","","","","","","","","","","","","","","","","","","","","","","","","","","","","","","","","","","","","","","","","13","13","13","13","13","13","13","13","13","13","13","8","8","8","8","","",
"Slovak Republic","SVK","Start-up procedures to register a business (number)","IC.REG.PROC","","","","","","","","","","","","","","","","","","","","","","","","","","","","","","","","","","","","","","","","","","","","11","10","10","10","10","8","8","8","8","8","9","9","8","8","8","8","7","","",
"Slovenia","SVN","Start-up procedures to register a business (number)","IC.REG.PROC","","","","","","","","","","","","","","","","","","","","","","","","","","","","","","","","","","","","","","","","","","","","11","11","11","11","11","7","3","2","2","2","2","2","2","2","2","3","3","","",
"Sweden","SWE","Start-up procedures to register a business (number)","IC.REG.PROC","","","","","","","","","","","","","","","","","","","","","","","","","","","","","","","","","","","","","","","","","","","","3","3","3","3","3","3","3","3","3","3","3","3","3","3","3","4","4","","",
"Eswatini","SWZ","Start-up procedures to register a business (number)","IC.REG.PROC","","","","","","","","","","","","","","","","","","","","","","","","","","","","","","","","","","","","","","","","","","","","","","12","12","12","12","12","12","12","12","12","12","12","12","12","12","12","","",
"Sint Maarten (Dutch part)","SXM","Start-up procedures to register a business (number)","IC.REG.PROC","","","","","","","","","","","","","","","","","","","","","","","","","","","","","","","","","","","","","","","","","","","","","","","","","","","","","","","","","","","","","","",
"Seychelles","SYC","Start-up procedures to register a business (number)","IC.REG.PROC","","","","","","","","","","","","","","","","","","","","","","","","","","","","","","","","","","","","","","","","","","","","","","10","10","10","10","10","10","10","10","9","9","9","9","9","9","9","","",
"Syrian Arab Republic","SYR","Start-up procedures to register a business (number)","IC.REG.PROC","","","","","","","","","","","","","","","","","","","","","","","","","","","","","","","","","","","","","","","","","","","","12","12","12","12","13","8","7","7","7","7","7","7","7","7","7","7","7","","",
"Turks and Caicos Islands","TCA","Start-up procedures to register a business (number)","IC.REG.PROC","","","","","","","","","","","","","","","","","","","","","","","","","","","","","","","","","","","","","","","","","","","","","","","","","","","","","","","","","","","","","","",
"Chad","TCD","Start-up procedures to register a business (number)","IC.REG.PROC","","","","","","","","","","","","","","","","","","","","","","","","","","","","","","","","","","","","","","","","","","","","13","13","13","13","13","13","13","13","11","9","9","9","9","9","9","8","8","","",
"East Asia & Pacific (IDA & IBRD countries)","TEA","Start-up procedures to register a business (number)","IC.REG.PROC","","","","","","","","","","","","","","","","","","","","","","","","","","","","","","","","","","","","","","","","","","","","8.58823529411765","8.44444444444444","8.5","8.61111111111111","8.61111111111111","8.66666666666667","8.44444444444444","8.27777777777778","7.88888888888889","8.26315789473684","8.66666666666667","8.52380952380952","8.33333333333333","8.19047619047619","8.19047619047619","7.76190476190476","7.33333333333333","","",
"Europe & Central Asia (IDA & IBRD countries)","TEC","Start-up procedures to register a business (number)","IC.REG.PROC","","","","","","","","","","","","","","","","","","","","","","","","","","","","","","","","","","","","","","","","","","","","12","11.5555555555556","11.5263157894737","11.05","10.35","9.2","8.04761904761905","7.61904761904762","7.19047619047619","6.80952380952381","6.18181818181818","6.09090909090909","5.72727272727273","5.59090909090909","5.45454545454545","5.13636363636364","5.09090909090909","","",
"Togo","TGO","Start-up procedures to register a business (number)","IC.REG.PROC","","","","","","","","","","","","","","","","","","","","","","","","","","","","","","","","","","","","","","","","","","","","13","13","13","13","13","13","7","7","7","6","7","6","6","5","5","4","3","","",
"Thailand","THA","Start-up procedures to register a business (number)","IC.REG.PROC","","","","","","","","","","","","","","","","","","","","","","","","","","","","","","","","","","","","","","","","","","","","10","10","10","10","10","10","9","9","8","7","7","7","7","6","5","5","5","","",
"Tajikistan","TJK","Start-up procedures to register a business (number)","IC.REG.PROC","","","","","","","","","","","","","","","","","","","","","","","","","","","","","","","","","","","","","","","","","","","","","","14","14","13","13","12","8","5","5","5","4","4","5","4","4","3","","",
"Turkmenistan","TKM","Start-up procedures to register a business (number)","IC.REG.PROC","","","","","","","","","","","","","","","","","","","","","","","","","","","","","","","","","","","","","","","","","","","","","","","","","","","","","","","","","","","","","","",
"Latin America & the Caribbean (IDA & IBRD countries)","TLA","Start-up procedures to register a business (number)","IC.REG.PROC","","","","","","","","","","","","","","","","","","","","","","","","","","","","","","","","","","","","","","","","","","","","12.4444444444444","11.6315789473684","10.4285714285714","10.3214285714286","9.96428571428571","9.85714285714286","9.67857142857143","9.64285714285714","9.32142857142857","9.28571428571429","8.9","8.8","8.7","8.5","8.43333333333333","8.23333333333333","8.2","","",
"Timor-Leste","TLS","Start-up procedures to register a business (number)","IC.REG.PROC","","","","","","","","","","","","","","","","","","","","","","","","","","","","","","","","","","","","","","","","","","","","","11","11","11","11","11","11","10","8","8","8","6","5","5","6","6","6","","",
"Middle East & North Africa (IDA & IBRD countries)","TMN","Start-up procedures to register a business (number)","IC.REG.PROC","","","","","","","","","","","","","","","","","","","","","","","","","","","","","","","","","","","","","","","","","","","","12","11","10.6363636363636","10.6363636363636","10.4545454545455","9.36363636363636","9","9","9","9.08333333333333","8.83333333333333","8.66666666666667","8.41666666666667","8.41666666666667","8.25","7.58333333333333","7.16666666666667","","",
"Tonga","TON","Start-up procedures to register a business (number)","IC.REG.PROC","","","","","","","","","","","","","","","","","","","","","","","","","","","","","","","","","","","","","","","","","","","","4","4","4","4","4","4","4","4","4","4","4","4","4","4","4","4","4","","",
"South Asia (IDA & IBRD)","TSA","Start-up procedures to register a business (number)","IC.REG.PROC","","","","","","","","","","","","","","","","","","","","","","","","","","","","","","","","","","","","","","","","","","","","7.75","7","7","7","6.8","6.8","7","7","7","7","8.75","8.875","8.625","8.5","8.375","7.75","7.125","","",
"Sub-Saharan Africa (IDA & IBRD countries)","TSS","Start-up procedures to register a business (number)","IC.REG.PROC","","","","","","","","","","","","","","","","","","","","","","","","","","","","","","","","","","","","","","","","","","","","11.46875","11.3055555555556","11.4772727272727","11.2666666666667","10.9777777777778","10.4","9.88888888888889","9.68888888888889","9.13333333333333","8.97826086956522","8.78723404255319","8.57446808510638","8.5625","8.1875","7.8125","7.625","7.54166666666667","","",
"Trinidad and Tobago","TTO","Start-up procedures to register a business (number)","IC.REG.PROC","","","","","","","","","","","","","","","","","","","","","","","","","","","","","","","","","","","","","","","","","","","","","","9","9","9","9","9","8","8","8","7","7","7","7","7","7","7","","",
"Tunisia","TUN","Start-up procedures to register a business (number)","IC.REG.PROC","","","","","","","","","","","","","","","","","","","","","","","","","","","","","","","","","","","","","","","","","","","","11","11","11","11","11","11","11","11","11","11","11","11","11","11","11","7","3","","",
"Turkiye","TUR","Start-up procedures to register a business (number)","IC.REG.PROC","","","","","","","","","","","","","","","","","","","","","","","","","","","","","","","","","","","","","","","","","","","","15","10","10","10","10","10","10","10","10","10","10","11","11","10","10","7","7","","",
"Tuvalu","TUV","Start-up procedures to register a business (number)","IC.REG.PROC","","","","","","","","","","","","","","","","","","","","","","","","","","","","","","","","","","","","","","","","","","","","","","","","","","","","","","","","","","","","","","",
"Tanzania","TZA","Start-up procedures to register a business (number)","IC.REG.PROC","","","","","","","","","","","","","","","","","","","","","","","","","","","","","","","","","","","","","","","","","","","","13","13","13","13","12","12","12","12","12","11","11","11","11","11","11","10","10","","",
"Uganda","UGA","Start-up procedures to register a business (number)","IC.REG.PROC","","","","","","","","","","","","","","","","","","","","","","","","","","","","","","","","","","","","","","","","","","","","17","17","17","17","17","17","17","16","14","14","14","14","14","13","13","13","13","","",
"Ukraine","UKR","Start-up procedures to register a business (number)","IC.REG.PROC","","","","","","","","","","","","","","","","","","","","","","","","","","","","","","","","","","","","","","","","","","","","16","16","16","11","11","11","11","11","10","8","7","7","5","6","6","6","6","","",
"Upper middle income","UMC","Start-up procedures to register a business (number)","IC.REG.PROC","","","","","","","","","","","","","","","","","","","","","","","","","","","","","","","","","","","","","","","","","","","","11.375","10.5428571428571","10.2790697674419","10.25","9.68181818181818","9.09090909090909","8.55555555555556","8.42222222222222","8.15555555555556","8.04347826086956","7.8","7.7","7.58","7.34","7.24","6.88","6.88","","",
"Uruguay","URY","Start-up procedures to register a business (number)","IC.REG.PROC","","","","","","","","","","","","","","","","","","","","","","","","","","","","","","","","","","","","","","","","","","","","11","11","11","10","11","11","11","11","5","5","5","5","5","5","5","5","5","","",
"United States","USA","Start-up procedures to register a business (number)","IC.REG.PROC","","","","","","","","","","","","","","","","","","","","","","","","","","","","","","","","","","","","","","","","","","","","","","","","","","","","","","6","6","6","6","6","6","6","","",
"Uzbekistan","UZB","Start-up procedures to register a business (number)","IC.REG.PROC","","","","","","","","","","","","","","","","","","","","","","","","","","","","","","","","","","","","","","","","","","","","10","10","10","10","9","9","9","9","8","8","6","6","4","4","3","3","3","","",
"St. Vincent and the Grenadines","VCT","Start-up procedures to register a business (number)","IC.REG.PROC","","","","","","","","","","","","","","","","","","","","","","","","","","","","","","","","","","","","","","","","","","","","","","8","8","8","8","7","7","7","7","7","7","7","7","7","7","7","","",
"Venezuela, RB","VEN","Start-up procedures to register a business (number)","IC.REG.PROC","","","","","","","","","","","","","","","","","","","","","","","","","","","","","","","","","","","","","","","","","","","","16","16","16","17","18","18","18","19","19","19","19","20","20","20","20","20","20","","",
"British Virgin Islands","VGB","Start-up procedures to register a business (number)","IC.REG.PROC","","","","","","","","","","","","","","","","","","","","","","","","","","","","","","","","","","","","","","","","","","","","","","","","","","","","","","","","","","","","","","",
"Virgin Islands (U.S.)","VIR","Start-up procedures to register a business (number)","IC.REG.PROC","","","","","","","","","","","","","","","","","","","","","","","","","","","","","","","","","","","","","","","","","","","","","","","","","","","","","","","","","","","","","","",
"Vietnam","VNM","Start-up procedures to register a business (number)","IC.REG.PROC","","","","","","","","","","","","","","","","","","","","","","","","","","","","","","","","","","","","","","","","","","","","11","10","10","10","10","10","10","9","9","9","9","9","9","9","9","8","8","","",
"Vanuatu","VUT","Start-up procedures to register a business (number)","IC.REG.PROC","","","","","","","","","","","","","","","","","","","","","","","","","","","","","","","","","","","","","","","","","","","","7","7","8","8","8","8","8","8","8","8","8","8","8","7","7","7","7","","",
"World","WLD","Start-up procedures to register a business (number)","IC.REG.PROC","","","","","","","","","","","","","","","","","","","","","","","","","","","","","","","","","","","","","","","","","","","","10.2537313432836","9.90277777777778","9.88957055214724","9.79041916167665","9.45294117647059","8.94736842105263","8.53488372093023","8.38953488372093","8.02298850574713","7.98876404494382","7.84656084656085","7.6984126984127","7.51052631578947","7.29473684210526","7.09473684210526","6.85340314136126","6.63350785340314","","",
"Samoa","WSM","Start-up procedures to register a business (number)","IC.REG.PROC","","","","","","","","","","","","","","","","","","","","","","","","","","","","","","","","","","","","","","","","","","","","9","8","8","8","8","8","4","4","4","4","4","4","4","4","4","4","4","","",
"Kosovo","XKX","Start-up procedures to register a business (number)","IC.REG.PROC","","","","","","","","","","","","","","","","","","","","","","","","","","","","","","","","","","","","","","","","","","","","","","","","","","9","10","10","8","5","4","4","3","3","3","3","","",
"Yemen, Rep.","YEM","Start-up procedures to register a business (number)","IC.REG.PROC","","","","","","","","","","","","","","","","","","","","","","","","","","","","","","","","","","","","","","","","","","","","12","12","12","12","12","7","6","6","6","6","6","6","6","6","6","6","6","","",
"South Africa","ZAF","Start-up procedures to register a business (number)","IC.REG.PROC","","","","","","","","","","","","","","","","","","","","","","","","","","","","","","","","","","","","","","","","","","","","9","9","9","9","8","6","6","6","6","6","6","7","7","7","7","7","7","","",
"Zambia","ZMB","Start-up procedures to register a business (number)","IC.REG.PROC","","","","","","","","","","","","","","","","","","","","","","","","","","","","","","","","","","","","","","","","","","","","7","7","7","7","7","7","7","7","7","8","7","7","7","7","7","7","7","","",
"Zimbabwe","ZWE","Start-up procedures to register a business (number)","IC.REG.PROC","","","","","","","","","","","","","","","","","","","","","","","","","","","","","","","","","","","","","","","","","","","","10","10","10","10","10","10","10","10","10","10","10","10","10","10","9","9","9","","",
